<?xml version="1.0" encoding="UTF-8"?>
<project-private xmlns="http://www.netbeans.org/ns/project-private/1">
    <editor-bookmarks xmlns="http://www.netbeans.org/ns/editor-bookmarks/2" lastBookmarkId="0"/>
    <open-files xmlns="http://www.netbeans.org/ns/projectui-open-files/2">
        <group>
            <file>file:/C:/Users/user/Desktop/MARIANS%20RESTAURANT%20POS%20(DO%20NOT%20DELETE)/MariansPOS/MariansPOS/src/marianspos/MenuDialogController.java</file>
            <file>file:/C:/Users/user/Desktop/MARIANS%20RESTAURANT%20POS%20(DO%20NOT%20DELETE)/MariansPOS/MariansPOS/src/marianspos/FXMLDocumentController.java</file>
            <file>file:/C:/Users/user/Desktop/MARIANS%20RESTAURANT%20POS%20(DO%20NOT%20DELETE)/MariansPOS/MariansPOS/src/marianspos/POSModuleController.java</file>
            <file>file:/C:/Users/user/Desktop/MARIANS%20RESTAURANT%20POS%20(DO%20NOT%20DELETE)/MariansPOS/MariansPOS/src/marianspos/Global.java</file>
        </group>
    </open-files>
</project-private>
